{
"registrants": [
{"billing_firstname": "Jill", "address2": "Apt. 183", "city": "Denver", "address1": "123 Main St", "lastname": "Jackson", "title": "Ms.", "email": "jill@fake.com", "card_type": "MC", "website": "http://www.regis.edu", "firstname": "Jill", "state": "CO", "card_csv": "5594", "telephone": "303-123-4567", "session3": "Workshop G", "exp_month": "12", "company": "Regis University", "billing_lastname": "Jackson", "meals": "mealpack", "exp_year": "2016", "card_number": "1234567891234560", "position": "Web Developer", "session2": "Workshop D", "session1": "Workshop A", "zipcode": "80302", "date_of_registration": "2016-06-17"},
{"billing_firstname": "John", "address2": "", "city": "Denver", "address1": "150 S. Pennsylvania St.", "lastname": "Smith", "title": "Mr.", "email": "JS@fake.com", "card_type": "V", "website": "http://www.regis.edu", "firstname": "John", "state": "CO", "card_csv": "8975", "telephone": "303-123-7896", "session3": "Workshop I", "exp_month": "10", "company": "Really Big Company", "billing_lastname": "Smith", "meals": "mealpack", "exp_year": "2017", "card_number": "2345678912345670", "position": "IT Manager", "session2": "", "session1": "Workshop B", "zipcode": "80112", "date_of_registration": "2016-06-17"},
{"billing_firstname": "Lucy", "address2": "", "city": "Bentonville", "address1": "2396 Apple Blossom Lane.", "lastname": "Robertson", "title": "Dr.", "email": "lrobertson@fake.com", "card_type": "AE", "website": "http://www.regis.edu", "firstname": "Lucy", "state": "AR", "card_csv": "2659", "telephone": "303-222-3333", "session3": "Workshop G", "exp_month": "5", "company": "Walmart", "billing_lastname": "Robertson", "meals": "dinnerday2", "exp_year": "2018", "card_number": "3456789123456780", "position": "Senior Developer", "session2": "", "session1": "Workshop B", "zipcode": "72703", "date_of_registration": "2016-06-17"},
{"billing_firstname": "Benjamin", "address2": "", "city": "Austin", "address1": "434 Rodeo Dr.", "lastname": "Reyes", "title": "Mr.", "email": "benreyes@fake.com", "card_type": "V", "website": "http://www.regis.edu", "firstname": "Benjamin", "state": "TX", "card_csv": "5476", "telephone": "303-111-2222", "session3": "Workshop H", "exp_month": "4", "company": "Quality Is Us!", "billing_lastname": "Reyes", "meals": "mealpack", "exp_year": "2019", "card_number": "3456789123456780", "position": "Quality Control Lead", "session2": "Workshop F", "session1": "Workshop A", "zipcode": "45678", "date_of_registration": "2016-06-17"},
{"billing_firstname": "Ada", "address2": "Office # 54", "city": "Denver", "address1": "3333 Regis Blvd Dr.", "lastname": "Lovelace", "title": "Dr.", "email": "ada@fake.com", "card_type": "MC", "website": "http://www.regis.edu", "firstname": "Ada", "state": "CO", "card_csv": "2456", "telephone": "303-333-4444", "session3": "Workshop G", "exp_month": "8", "company": "Regis University", "billing_lastname": "Lovelace", "meals": "dinnerday2", "exp_year": "2016", "card_number": "4567891234567890", "position": "Mathematician", "session2": "", "session1": "Workshop B", "zipcode": "80333", "date_of_registration": "2016-06-17"},
{"billing_firstname": "Bill", "address2": "", "city": "Redmond", "address1": "123 Microsoft Dr.", "lastname": "Gates", "title": "Mr.", "email": "bill@fake.com", "card_type": "MC", "website": "http://www.regis.edu", "firstname": "Bill", "state": "WA", "card_csv": "5232", "telephone": "303-444-5555", "session3": "Workshop I", "exp_month": "9", "company": "Microsoft", "billing_lastname": "Gates", "meals": "mealpack", "exp_year": "2017", "card_number": "9876543219876540", "position": "Computer Programmer", "session2": "Workshop D", "session1": "Workshop A", "zipcode": "80333", "date_of_registration": "2016-06-17"},
{"billing_firstname": "Corrinne", "address2": "", "city": "Santa Monica", "address1": "123 Microsoft Dr.", "lastname": "Yu", "title": "Ms.", "email": "corrine@fake.com", "card_type": "AE", "website": "http://www.regis.edu", "firstname": "Corrinne", "state": "CA", "card_csv": "2745", "telephone": "303-555-6666", "session3": "Workshop I", "exp_month": "12", "company": "Naughty Dog", "billing_lastname": "Yu", "meals": "dinnerday2", "exp_year": "2018", "card_number": "6543216543216540", "position": "Game Programmer", "session2": "", "session1": "Workshop B", "zipcode": "12345", "date_of_registration": "2016-06-17"},
{"billing_firstname": "Donald", "address2": "", "city": "Standford", "address1": "450 Serra Mall", "lastname": "Knuth", "title": "Dr.", "email": "donald@fake.com", "card_type": "V", "website": "http://www.regis.edu", "firstname": "Donald", "state": "CA", "card_csv": "1575", "telephone": "303-666-7777", "session3": "Workshop I", "exp_month": "1", "company": "Stanford University", "billing_lastname": "Knuth", "meals": "dinnerday2", "exp_year": "2019", "card_number": "7894563216547890", "position": "Professor", "session2": "Workshop D", "session1": "Workshop A", "zipcode": "94305", "date_of_registration": "2016-06-17"},
{"billing_firstname": "Audrey", "address2": "", "city": "San Jose", "address1": "123 Other Main St", "lastname": "Tang", "title": "Ms.", "email": "audrey@fake.com", "card_type": "V", "website": "http://www.regis.edu", "firstname": "Audrey", "state": "CA", "card_csv": "6815", "telephone": "303-777-8888", "session3": "Workshop H", "exp_month": "5", "company": "Pugs Project", "billing_lastname": "Tang", "meals": "mealpack", "exp_year": "2020", "card_number": "7485296374156530", "position": "Software Programmer", "session2": "Workshop F", "session1": "Workshop C", "zipcode": "95132", "date_of_registration": "2016-06-17"},
{"billing_firstname": "Jill2", "address2": "Apt. 183", "city": "Denver", "address1": "123 Main St", "lastname": "Jackson", "title": "Ms.", "email": "jill@fake.com", "card_type": "MC", "website": "http://www.regis.edu", "firstname": "Jill2", "state": "CO", "card_csv": "5594", "telephone": "303-123-4567", "session3": "Workshop H", "exp_month": "12", "company": "Regis University", "billing_lastname": "Jackson", "meals": "mealpack", "exp_year": "2016", "card_number": "1234567891234560", "position": "Web Developer", "session2": "Workshop F", "session1": "Workshop A", "zipcode": "80302", "date_of_registration": "2016-06-17"},
{"billing_firstname": "John2", "address2": "", "city": "Denver", "address1": "150 S. Pennsylvania St.", "lastname": "Smith", "title": "Mr.", "email": "JS@fake.com", "card_type": "V", "website": "http://www.regis.edu", "firstname": "John2", "state": "CO", "card_csv": "8975", "telephone": "303-123-7896", "session3": "Workshop I", "exp_month": "10", "company": "Really Big Company", "billing_lastname": "Smith", "meals": "mealpack", "exp_year": "2017", "card_number": "2345678912345670", "position": "IT Manager", "session2": "", "session1": "Workshop B", "zipcode": "80112", "date_of_registration": "2016-06-17"},
{"billing_firstname": "Lucy2", "address2": "", "city": "Bentonville", "address1": "2396 Apple Blossom Lane.", "lastname": "Robertson", "title": "Dr.", "email": "lrobertson@fake.com", "card_type": "AE", "website": "http://www.regis.edu", "firstname": "Lucy2", "state": "AR", "card_csv": "2659", "telephone": "303-222-3333", "session3": "Workshop G", "exp_month": "5", "company": "Walmart", "billing_lastname": "Robertson", "meals": "dinnerday2", "exp_year": "2018", "card_number": "3456789123456780", "position": "Senior Developer", "session2": "", "session1": "Workshop B", "zipcode": "72703", "date_of_registration": "2016-06-17"},
{"billing_firstname": "Benjamin2", "address2": "", "city": "Austin", "address1": "434 Rodeo Dr.", "lastname": "Reyes", "title": "Mr.", "email": "benreyes@fake.com", "card_type": "V", "website": "http://www.regis.edu", "firstname": "Benjamin2", "state": "TX", "card_csv": "5476", "telephone": "303-111-2222", "session3": "Workshop H", "exp_month": "4", "company": "Quality Is Us!", "billing_lastname": "Reyes", "meals": "mealpack", "exp_year": "2019", "card_number": "3456789123456780", "position": "Quality Control Lead", "session2": "Workshop F", "session1": "Workshop A", "zipcode": "45678", "date_of_registration": "2016-06-17"},
{"billing_firstname": "Ada2", "address2": "Office # 54", "city": "Denver", "address1": "3333 Regis Blvd Dr.", "lastname": "Lovelace", "title": "Dr.", "email": "ada@fake.com", "card_type": "MC", "website": "http://www.regis.edu", "firstname": "Ada2", "state": "CO", "card_csv": "2456", "telephone": "303-333-4444", "session3": "Workshop G", "exp_month": "8", "company": "Regis University", "billing_lastname": "Lovelace", "meals": "dinnerday2", "exp_year": "2016", "card_number": "4567891234567890", "position": "Mathematician", "session2": "", "session1": "Workshop B", "zipcode": "80333", "date_of_registration": "2016-06-17"},
{"billing_firstname": "Bill2", "address2": "", "city": "Redmond", "address1": "123 Microsoft Dr.", "lastname": "Gates", "title": "Mr.", "email": "bill@fake.com", "card_type": "MC", "website": "http://www.regis.edu", "firstname": "Bill2", "state": "WA", "card_csv": "5232", "telephone": "303-444-5555", "session3": "Workshop I", "exp_month": "9", "company": "Microsoft", "billing_lastname": "Gates", "meals": "mealpack", "exp_year": "2017", "card_number": "9876543219876540", "position": "Computer Programmer", "session2": "Workshop D", "session1": "Workshop A", "zipcode": "80333", "date_of_registration": "2016-06-17"},
{"billing_firstname": "Corrinne2", "address2": "", "city": "Santa Monica", "address1": "123 Microsoft Dr.", "lastname": "Yu", "title": "Ms.", "email": "corrine@fake.com", "card_type": "AE", "website": "http://www.regis.edu", "firstname": "Corrinne2", "state": "CA", "card_csv": "2745", "telephone": "303-555-6666", "session3": "Workshop I", "exp_month": "12", "company": "Naughty Dog", "billing_lastname": "Yu", "meals": "dinnerday2", "exp_year": "2018", "card_number": "6543216543216540", "position": "Game Programmer", "session2": "", "session1": "Workshop B", "zipcode": "12345", "date_of_registration": "2016-06-17"},
{"billing_firstname": "Donald2", "address2": "", "city": "Standford", "address1": "450 Serra Mall", "lastname": "Knuth", "title": "Dr.", "email": "donald@fake.com", "card_type": "V", "website": "http://www.regis.edu", "firstname": "Donald2", "state": "CA", "card_csv": "1575", "telephone": "303-666-7777", "session3": "Workshop I", "exp_month": "1", "company": "Stanford University", "billing_lastname": "Knuth", "meals": "dinnerday2", "exp_year": "2019", "card_number": "7894563216547890", "position": "Professor", "session2": "Workshop D", "session1": "Workshop A", "zipcode": "94305", "date_of_registration": "2016-06-17"},
{"billing_firstname": "Audrey2", "address2": "", "city": "San Jose", "address1": "123 Other Main St", "lastname": "Tang", "title": "Ms.", "email": "audrey@fake.com", "card_type": "V", "website": "http://www.regis.edu", "firstname": "Audrey2", "state": "CA", "card_csv": "6815", "telephone": "303-777-8888", "session3": "Workshop H", "exp_month": "5", "company": "Pugs Project", "billing_lastname": "Tang", "meals": "mealpack", "exp_year": "2020", "card_number": "7485296374156530", "position": "Software Programmer", "session2": "Workshop F", "session1": "Workshop C", "zipcode": "95132", "date_of_registration": "2016-06-17"},
{"billing_firstname": "Jill3", "address2": "Apt. 183", "city": "Denver", "address1": "123 Main St", "lastname": "Jackson", "title": "Ms.", "email": "jill@fake.com", "card_type": "MC", "website": "http://www.regis.edu", "firstname": "Jill3", "state": "CO", "card_csv": "5594", "telephone": "303-123-4567", "session3": "Workshop H", "exp_month": "12", "company": "Regis University", "billing_lastname": "Jackson", "meals": "mealpack", "exp_year": "2016", "card_number": "1234567891234560", "position": "Web Developer", "session2": "Workshop F", "session1": "Workshop A", "zipcode": "80302", "date_of_registration": "2016-06-17"},
{"billing_firstname": "John3", "address2": "", "city": "Denver", "address1": "150 S. Pennsylvania St.", "lastname": "Smith", "title": "Mr.", "email": "JS@fake.com", "card_type": "V", "website": "http://www.regis.edu", "firstname": "John3", "state": "CO", "card_csv": "8975", "telephone": "303-123-7896", "session3": "Workshop I", "exp_month": "10", "company": "Really Big Company", "billing_lastname": "Smith", "meals": "mealpack", "exp_year": "2017", "card_number": "2345678912345670", "position": "IT Manager", "session2": "", "session1": "Workshop B", "zipcode": "80112", "date_of_registration": "2016-06-17"},
{"billing_firstname": "Lucy3", "address2": "", "city": "Bentonville", "address1": "2396 Apple Blossom Lane.", "lastname": "Robertson", "title": "Dr.", "email": "lrobertson@fake.com", "card_type": "AE", "website": "http://www.regis.edu", "firstname": "Lucy3", "state": "AR", "card_csv": "2659", "telephone": "303-222-3333", "session3": "Workshop G", "exp_month": "5", "company": "Walmart", "billing_lastname": "Robertson", "meals": "dinnerday2", "exp_year": "2018", "card_number": "3456789123456780", "position": "Senior Developer", "session2": "", "session1": "Workshop B", "zipcode": "72703", "date_of_registration": "2016-06-17"},
{"billing_firstname": "Benjamin3", "address2": "", "city": "Austin", "address1": "434 Rodeo Dr.", "lastname": "Reyes", "title": "Mr.", "email": "benreyes@fake.com", "card_type": "V", "website": "http://www.regis.edu", "firstname": "Benjamin3", "state": "TX", "card_csv": "5476", "telephone": "303-111-2222", "session3": "Workshop H", "exp_month": "4", "company": "Quality Is Us!", "billing_lastname": "Reyes", "meals": "mealpack", "exp_year": "2019", "card_number": "3456789123456780", "position": "Quality Control Lead", "session2": "Workshop D", "session1": "Workshop A", "zipcode": "45678", "date_of_registration": "2016-06-17"},
{"billing_firstname": "Ada3", "address2": "Office # 54", "city": "Denver", "address1": "3333 Regis Blvd Dr.", "lastname": "Lovelace", "title": "Dr.", "email": "ada@fake.com", "card_type": "MC", "website": "http://www.regis.edu", "firstname": "Ada3", "state": "CO", "card_csv": "2456", "telephone": "303-333-4444", "session3": "Workshop G", "exp_month": "8", "company": "Regis University", "billing_lastname": "Lovelace", "meals": "dinnerday2", "exp_year": "2016", "card_number": "4567891234567890", "position": "Mathematician", "session2": "", "session1": "Workshop B", "zipcode": "80333", "date_of_registration": "2016-06-17"},
{"billing_firstname": "Bill3", "address2": "", "city": "Redmond", "address1": "123 Microsoft Dr.", "lastname": "Gates", "title": "Mr.", "email": "bill@fake.com", "card_type": "MC", "website": "http://www.regis.edu", "firstname": "Bill3", "state": "WA", "card_csv": "5232", "telephone": "303-444-5555", "session3": "Workshop I", "exp_month": "9", "company": "Microsoft", "billing_lastname": "Gates", "meals": "mealpack", "exp_year": "2017", "card_number": "9876543219876540", "position": "Computer Programmer", "session2": "Workshop D", "session1": "Workshop A", "zipcode": "80333", "date_of_registration": "2016-06-17"},
{"billing_firstname": "Corrinne3", "address2": "", "city": "Santa Monica", "address1": "123 Microsoft Dr.", "lastname": "Yu", "title": "Ms.", "email": "corrine@fake.com", "card_type": "AE", "website": "http://www.regis.edu", "firstname": "Corrinne3", "state": "CA", "card_csv": "2745", "telephone": "303-555-6666", "session3": "Workshop I", "exp_month": "12", "company": "Naughty Dog", "billing_lastname": "Yu", "meals": "dinnerday2", "exp_year": "2018", "card_number": "6543216543216540", "position": "Game Programmer", "session2": "", "session1": "Workshop B", "zipcode": "12345", "date_of_registration": "2016-06-17"},
{"billing_firstname": "Donald3", "address2": "", "city": "Standford", "address1": "450 Serra Mall", "lastname": "Knuth", "title": "Dr.", "email": "donald@fake.com", "card_type": "V", "website": "http://www.regis.edu", "firstname": "Donald3", "state": "CA", "card_csv": "1575", "telephone": "303-666-7777", "session3": "Workshop I", "exp_month": "1", "company": "Stanford University", "billing_lastname": "Knuth", "meals": "dinnerday2", "exp_year": "2019", "card_number": "7894563216547890", "position": "Professor", "session2": "Workshop D", "session1": "Workshop A", "zipcode": "94305", "date_of_registration": "2016-06-17"},
{"billing_firstname": "Audrey3", "address2": "", "city": "San Jose", "address1": "123 Other Main St", "lastname": "Tang", "title": "Ms.", "email": "audrey@fake.com", "card_type": "V", "website": "http://www.regis.edu", "firstname": "Audrey3", "state": "CA", "card_csv": "6815", "telephone": "303-777-8888", "session3": "Workshop H", "exp_month": "5", "company": "Pugs Project", "billing_lastname": "Tang", "meals": "mealpack", "exp_year": "2020", "card_number": "7485296374156530", "position": "Software Programmer", "session2": "Workshop F", "session1": "Workshop C", "zipcode": "95132", "date_of_registration": "2016-06-17"},
{"billing_firstname": "Jill4", "address2": "Apt. 183", "city": "Denver", "address1": "123 Main St", "lastname": "Jackson", "title": "Ms.", "email": "jill@fake.com", "card_type": "MC", "website": "http://www.regis.edu", "firstname": "Jill4", "state": "CO", "card_csv": "5594", "telephone": "303-123-4567", "session3": "Workshop H", "exp_month": "12", "company": "Regis University", "billing_lastname": "Jackson", "meals": "mealpack", "exp_year": "2016", "card_number": "1234567891234560", "position": "Web Developer", "session2": "Workshop D", "session1": "Workshop A", "zipcode": "80302", "date_of_registration": "2016-06-17"},
{"billing_firstname": "John4", "address2": "", "city": "Denver", "address1": "150 S. Pennsylvania St.", "lastname": "Smith", "title": "Mr.", "email": "JS@fake.com", "card_type": "V", "website": "http://www.regis.edu", "firstname": "John4", "state": "CO", "card_csv": "8975", "telephone": "303-123-7896", "session3": "Workshop I", "exp_month": "10", "company": "Really Big Company", "billing_lastname": "Smith", "meals": "mealpack", "exp_year": "2017", "card_number": "2345678912345670", "position": "IT Manager", "session2": "", "session1": "Workshop B", "zipcode": "80112", "date_of_registration": "2016-06-17"},
{"billing_firstname": "Lucy4", "address2": "", "city": "Bentonville", "address1": "2396 Apple Blossom Lane.", "lastname": "Robertson", "title": "Dr.", "email": "lrobertson@fake.com", "card_type": "AE", "website": "http://www.regis.edu", "firstname": "Lucy4", "state": "AR", "card_csv": "2659", "telephone": "303-222-3333", "session3": "Workshop G", "exp_month": "5", "company": "Walmart", "billing_lastname": "Robertson", "meals": "dinnerday2", "exp_year": "2018", "card_number": "3456789123456780", "position": "Senior Developer", "session2": "", "session1": "Workshop B", "zipcode": "72703", "date_of_registration": "2016-06-17"},
{"billing_firstname": "Benjamin4", "address2": "", "city": "Austin", "address1": "434 Rodeo Dr.", "lastname": "Reyes", "title": "Mr.", "email": "benreyes@fake.com", "card_type": "V", "website": "http://www.regis.edu", "firstname": "Benjamin4", "state": "TX", "card_csv": "5476", "telephone": "303-111-2222", "session3": "Workshop H", "exp_month": "4", "company": "Quality Is Us!", "billing_lastname": "Reyes", "meals": "mealpack", "exp_year": "2019", "card_number": "3456789123456780", "position": "Quality Control Lead", "session2": "Workshop D", "session1": "Workshop A", "zipcode": "45678", "date_of_registration": "2016-06-17"},
{"billing_firstname": "Ada4", "address2": "Office # 54", "city": "Denver", "address1": "3333 Regis Blvd Dr.", "lastname": "Lovelace", "title": "Dr.", "email": "ada@fake.com", "card_type": "MC", "website": "http://www.regis.edu", "firstname": "Ada4", "state": "CO", "card_csv": "2456", "telephone": "303-333-4444", "session3": "Workshop G", "exp_month": "8", "company": "Regis University", "billing_lastname": "Lovelace", "meals": "dinnerday2", "exp_year": "2016", "card_number": "4567891234567890", "position": "Mathematician", "session2": "", "session1": "Workshop B", "zipcode": "80333", "date_of_registration": "2016-06-17"},
{"billing_firstname": "Bill4", "address2": "", "city": "Redmond", "address1": "123 Microsoft Dr.", "lastname": "Gates", "title": "Mr.", "email": "bill@fake.com", "card_type": "MC", "website": "http://www.regis.edu", "firstname": "Bill4", "state": "WA", "card_csv": "5232", "telephone": "303-444-5555", "session3": "Workshop I", "exp_month": "9", "company": "Microsoft", "billing_lastname": "Gates", "meals": "mealpack", "exp_year": "2017", "card_number": "9876543219876540", "position": "Computer Programmer", "session2": "Workshop D", "session1": "Workshop A", "zipcode": "80333", "date_of_registration": "2016-06-17"},
{"billing_firstname": "Corrinne4", "address2": "", "city": "Santa Monica", "address1": "123 Microsoft Dr.", "lastname": "Yu", "title": "Ms.", "email": "corrine@fake.com", "card_type": "AE", "website": "http://www.regis.edu", "firstname": "Corrinne4", "state": "CA", "card_csv": "2745", "telephone": "303-555-6666", "session3": "Workshop G", "exp_month": "12", "company": "Naughty Dog", "billing_lastname": "Yu", "meals": "dinnerday2", "exp_year": "2018", "card_number": "6543216543216540", "position": "Game Programmer", "session2": "", "session1": "Workshop B", "zipcode": "12345", "date_of_registration": "2016-06-17"},
{"billing_firstname": "Donald4", "address2": "", "city": "Standford", "address1": "450 Serra Mall", "lastname": "Knuth", "title": "Dr.", "email": "donald@fake.com", "card_type": "V", "website": "http://www.regis.edu", "firstname": "Donald4", "state": "CA", "card_csv": "1575", "telephone": "303-666-7777", "session3": "Workshop I", "exp_month": "1", "company": "Stanford University", "billing_lastname": "Knuth", "meals": "dinnerday2", "exp_year": "2019", "card_number": "7894563216547890", "position": "Professor", "session2": "Workshop D", "session1": "Workshop A", "zipcode": "94305", "date_of_registration": "2016-06-17"},
{"billing_firstname": "Audrey4", "address2": "", "city": "San Jose", "address1": "123 Other Main St", "lastname": "Tang", "title": "Ms.", "email": "audrey@fake.com", "card_type": "V", "website": "http://www.regis.edu", "firstname": "Audrey4", "state": "CA", "card_csv": "6815", "telephone": "303-777-8888", "session3": "Workshop H", "exp_month": "5", "company": "Pugs Project", "billing_lastname": "Tang", "meals": "mealpack", "exp_year": "2020", "card_number": "7485296374156530", "position": "Software Programmer", "session2": "Workshop F", "session1": "Workshop C", "zipcode": "95132", "date_of_registration": "2016-06-17"}
]
}